id,nombre,horasTrabajadas,sueldo
1,Lou,1123024896,1176256512
2,Ulrike,1127481344,1187205120
3,Brade,1134723072,1184645120
4,Kimbell,1123024896,1195593728
5,Sheelagh,1130102784,1183621120
6,Gayle,1123024896,1189765120
7,Kimberlee,1114636288,1191241728
8,Henrieta,1119092736,1189765120
9,Jeanine,1134723072,1183621120
10,Aggie,1117126656,1181376512
11,Brandea,1127481344,1181376512
12,Cordelie,1134723072,1195593728
13,Shel,1123024896,1195593728
14,Bronnie,1114636288,1184645120
15,Megen,1127481344,1176256512
16,Iver,1119092736,1178304512
17,Ernesta,1114636288,1192265728
18,Cirillo,1118830592,1195593728
19,Park,1123024896,1189765120
20,Bellanca,1118830592,1181376512
21,Bobbye,1127481344,1181376512
22,Eugene,1118830592,1195593728
23,Johnny,1134723072,1191241728
24,Reagen,1119092736,1193545728
25,Braden,1127481344,1187205120
26,Karim,1117126656,1187205120
27,Anthea,1119092736,1193545728
28,Doro,1123024896,1191241728
29,Gaye,1123024896,1192265728
30,Toby,1127481344,1181376512
31,Franny,1134723072,1181376512
32,Katey,1127481344,1193545728
33,Earle,1119092736,1176256512
34,Redd,1118830592,1193545728
35,Jehanna,1130102784,1195593728
36,Cristie,1127481344,1176256512
37,Stefa,1118830592,1193545728
38,Roda,1119092736,1187205120
39,Alfredo,1118830592,1176256512
40,Sydney,1117126656,1176256512
41,Brnaba,1127481344,1189765120
42,Ame,1118830592,1195593728
43,Bradney,1118830592,1187205120
44,Margarete,1123024896,1195593728
45,Nikoletta,1123024896,1195593728
46,Lonnard,1117126656,1195593728
47,Raine,1127481344,1189765120
48,Noella,1123024896,1181376512
49,Dagmar,1118830592,1187205120
50,Carroll,1130102784,1193545728
51,Marion,1118830592,1195593728
52,Carline,1130102784,1178304512
53,Hyacinthie,1117126656,1181376512
54,Julina,1123024896,1191241728
55,Corina,1130102784,1192265728
56,Bernardine,1117126656,1191241728
57,Homer,1127481344,1183621120
58,Lianna,1130102784,1178304512
59,Celene,1123024896,1195593728
60,Kori,1119092736,1195593728
61,Deeyn,1118830592,1184645120
62,Marysa,1117126656,1184645120
63,Loy,1123024896,1181376512
64,Gabbey,1123024896,1192265728
65,Star,1119092736,1191241728
66,Dominica,1123024896,1191241728
67,Blanch,1117126656,1181376512
68,Cristobal,1123024896,1181376512
69,Paulita,1123024896,1195593728
70,Sayre,1127481344,1191241728
71,Shaughn,1119092736,1181376512
72,Katrine,1119092736,1187205120
73,Cristi,1118830592,1193545728
74,Cristie,1119092736,1187205120
75,Solomon,1119092736,1176256512
76,Nananne,1123024896,1191241728
77,Sacha,1119092736,1187205120
78,Morse,1127481344,1187205120
79,Roland,1127481344,1187205120
80,Jesselyn,1127481344,1189765120
81,Kylila,1134723072,1178304512
82,Kendre,1127481344,1187205120
83,Lesya,1119092736,1181376512
84,Tatiania,1123024896,1184645120
85,Trenton,1118830592,1178304512
86,Angie,1119092736,1184645120
87,Joelle,1119092736,1192265728
88,George,1114636288,1189765120
89,Guenevere,1119092736,1189765120
90,Margaretha,1117126656,1176256512
91,Sully,1114636288,1181376512
92,Lonni,1130102784,1195593728
93,Nicky,1127481344,1193545728
94,My,1119092736,1183621120
95,Kyrstin,1119092736,1192265728
96,Martino,1117126656,1181376512
97,Marcellus,1118830592,1195593728
98,Jacquelin,1123024896,1189765120
99,Aleda,1119092736,1195593728
100,Georgeta,1118830592,1176256512
101,Marcille,1118830592,1176256512
102,Ertha,1118830592,1176256512
103,Desiri,1123024896,1187205120
104,Geneva,1119092736,1191241728
105,Kilian,1123024896,1193545728
106,Nance,1117126656,1176256512
107,Gaven,1127481344,1176256512
108,Carlie,1130102784,1176256512
109,Trixie,1134723072,1193545728
110,Dominick,1117126656,1189765120
111,Petey,1123024896,1181376512
112,Tersina,1117126656,1189765120
113,Johnathon,1119092736,1181376512
114,Freddie,1127481344,1178304512
115,Harmon,1130102784,1195593728
116,Tracey,1117126656,1184645120
117,Cherrita,1127481344,1191241728
118,Stu,1114636288,1178304512
119,Glenda,1130102784,1192265728
120,Lorettalorna,1130102784,1187205120
121,Patrizio,1114636288,1181376512
122,Linda,1118830592,1189765120
123,Pippa,1134723072,1184645120
124,Pen,1114636288,1183621120
125,Esteban,1118830592,1181376512
126,Fonzie,1134723072,1181376512
127,Cindelyn,1114636288,1178304512
128,Zacharie,1117126656,1189765120
129,Vina,1118830592,1193545728
130,Omero,1117126656,1176256512
131,Tom,1117126656,1191241728
132,Dante,1114636288,1189765120
133,Cordy,1123024896,1183621120
134,Stephenie,1130102784,1195593728
135,Dunstan,1134723072,1184645120
136,Gideon,1127481344,1181376512
137,Johnette,1130102784,1176256512
138,Brynn,1117126656,1195593728
139,Yankee,1118830592,1193545728
140,Corbin,1123024896,1193545728
141,Coreen,1114636288,1183621120
142,Tanya,1118830592,1189765120
143,Jenna,1114636288,1187205120
144,Flora,1119092736,1191241728
145,Dianna,1119092736,1184645120
146,Armand,1114636288,1181376512
147,Gustie,1127481344,1193545728
148,Benton,1127481344,1178304512
149,Lena,1134723072,1187205120
150,Dot,1127481344,1183621120
151,Meryl,1130102784,1178304512
152,Babbie,1123024896,1181376512
153,Byram,1119092736,1193545728
154,Bertine,1114636288,1187205120
155,Osbert,1123024896,1193545728
156,Tanny,1134723072,1193545728
157,Maryjo,1114636288,1178304512
158,Clarie,1114636288,1193545728
159,Kipp,1119092736,1181376512
160,Leonie,1134723072,1195593728
161,Ferdie,1123024896,1181376512
162,Ofella,1119092736,1195593728
163,Pascale,1130102784,1181376512
164,Cathrin,1123024896,1189765120
165,Sib,1114636288,1191241728
166,Darleen,1130102784,1193545728
167,Didi,1114636288,1181376512
168,Lodovico,1114636288,1183621120
169,Farley,1134723072,1178304512
170,Devi,1114636288,1187205120
171,Clair,1127481344,1192265728
172,Addy,1134723072,1191241728
173,Brandon,1119092736,1183621120
174,Prentiss,1114636288,1189765120
175,Lorant,1118830592,1195593728
176,Wanids,1134723072,1189765120
177,Robbi,1117126656,1176256512
178,Mellicent,1117126656,1195593728
179,Lynea,1119092736,1184645120
180,Nial,1134723072,1181376512
181,Guillaume,1114636288,1192265728
182,Loutitia,1118830592,1187205120
183,Ruthe,1134723072,1189765120
184,Eric,1114636288,1195593728
185,Marcellus,1127481344,1189765120
186,Ian,1117126656,1193545728
187,Sebastien,1117126656,1192265728
188,Scarface,1130102784,1195593728
189,Maible,1117126656,1183621120
190,Waldon,1119092736,1189765120
191,Bethina,1117126656,1181376512
192,Farand,1118830592,1193545728
193,Zolly,1118830592,1187205120
194,Philipa,1134723072,1193545728
195,Roderigo,1118830592,1184645120
196,Otho,1119092736,1184645120
197,Alasteir,1123024896,1184645120
198,Eleonora,1123024896,1193545728
199,Eliot,1114636288,1178304512
200,Alana,1130102784,1189765120
201,Odey,1114636288,1184645120
202,Yorke,1118830592,1181376512
203,Cissiee,1127481344,1183621120
204,Jillana,1127481344,1183621120
205,Mallorie,1118830592,1189765120
206,Borden,1118830592,1178304512
207,Maddie,1114636288,1191241728
208,Weider,1118830592,1195593728
209,Asia,1134723072,1192265728
210,Sayres,1118830592,1176256512
211,Marcile,1123024896,1189765120
212,Thomasina,1114636288,1193545728
213,Darwin,1130102784,1183621120
214,Nicolina,1119092736,1189765120
215,Nita,1114636288,1178304512
216,Nikoletta,1123024896,1178304512
217,Dwight,1130102784,1193545728
218,Romola,1118830592,1195593728
219,Kaile,1134723072,1191241728
220,Mozes,1130102784,1187205120
221,Aylmer,1134723072,1191241728
222,Marina,1123024896,1178304512
223,Enrico,1134723072,1195593728
224,Zonda,1134723072,1191241728
225,Adriano,1130102784,1191241728
226,Trula,1118830592,1189765120
227,Adel,1127481344,1189765120
228,Jeniece,1127481344,1181376512
229,Tabina,1114636288,1176256512
230,Liana,1114636288,1191241728
231,Marmaduke,1130102784,1176256512
232,Alla,1118830592,1189765120
233,Peter,1123024896,1178304512
234,Pietro,1117126656,1183621120
235,Hiram,1118830592,1184645120
236,Anastasia,1127481344,1183621120
237,Cathleen,1127481344,1176256512
238,Leeanne,1123024896,1181376512
239,Chet,1134723072,1193545728
240,Billie,1117126656,1192265728
241,Alexandra,1117126656,1193545728
242,Broddie,1119092736,1193545728
243,Brigham,1127481344,1187205120
244,Cal,1123024896,1193545728
245,Donal,1117126656,1183621120
246,Adam,1130102784,1184645120
247,Dotty,1127481344,1193545728
248,Maynard,1123024896,1183621120
249,Jessee,1119092736,1189765120
250,Tiphani,1118830592,1193545728
251,Jenna,1127481344,1189765120
252,Karlotte,1118830592,1184645120
253,Norene,1130102784,1187205120
254,Morris,1118830592,1176256512
255,Yuri,1117126656,1187205120
256,Gusty,1123024896,1176256512
257,Jori,1127481344,1178304512
258,Sydelle,1130102784,1189765120
259,Merrile,1127481344,1195593728
260,Tadd,1114636288,1195593728
261,Josiah,1118830592,1176256512
262,Melisa,1118830592,1178304512
263,Orelee,1119092736,1184645120
264,Stephen,1123024896,1192265728
265,Blair,1127481344,1195593728
266,Arel,1118830592,1189765120
267,Abbie,1117126656,1187205120
268,Channa,1134723072,1195593728
269,Shirl,1117126656,1184645120
270,Edlin,1118830592,1184645120
271,Larina,1114636288,1183621120
272,Duncan,1114636288,1192265728
273,Bond,1127481344,1176256512
274,Dyann,1117126656,1195593728
275,Charmian,1114636288,1181376512
276,Dru,1117126656,1195593728
277,Kiel,1117126656,1195593728
278,Emory,1130102784,1181376512
279,Alberik,1118830592,1195593728
280,Koenraad,1127481344,1184645120
281,Rafaellle,1127481344,1195593728
282,Edie,1134723072,1187205120
283,Osbert,1134723072,1181376512
284,Sidonia,1114636288,1176256512
285,Bartel,1114636288,1192265728
286,Jodi,1119092736,1189765120
287,Ofelia,1123024896,1189765120
288,Dudley,1119092736,1193545728
289,Dulcea,1117126656,1187205120
290,Gordon,1114636288,1187205120
291,Chalmers,1130102784,1176256512
292,Christiano,1114636288,1195593728
293,Russell,1130102784,1195593728
294,Cleo,1123024896,1195593728
295,Catriona,1114636288,1193545728
296,Leigh,1119092736,1192265728
297,Ddene,1130102784,1178304512
298,Sayre,1119092736,1183621120
299,Jody,1127481344,1191241728
300,Zabrina,1118830592,1178304512
301,Cos,1117126656,1189765120
302,Ron,1123024896,1184645120
303,Charin,1127481344,1178304512
304,Coleman,1130102784,1191241728
305,Jacinda,1114636288,1195593728
306,Silvan,1117126656,1178304512
307,Renie,1119092736,1191241728
308,Davide,1134723072,1193545728
309,Ernestus,1114636288,1178304512
310,Brnaba,1119092736,1192265728
311,Tabor,1123024896,1192265728
312,Lenci,1119092736,1193545728
313,Franchot,1130102784,1178304512
314,Charisse,1127481344,1195593728
315,Timothea,1130102784,1184645120
316,Angelika,1130102784,1195593728
317,Web,1119092736,1192265728
318,Urban,1118830592,1176256512
319,Fan,1119092736,1183621120
320,Donaugh,1123024896,1178304512
321,Wilona,1119092736,1187205120
322,Richard,1119092736,1193545728
323,Hilary,1119092736,1192265728
324,Ad,1119092736,1191241728
325,Maynord,1130102784,1193545728
326,Lina,1123024896,1178304512
327,Nerty,1130102784,1184645120
328,Matias,1114636288,1191241728
329,Urbano,1114636288,1195593728
330,Rosemarie,1130102784,1191241728
331,Booth,1118830592,1181376512
332,Eden,1117126656,1183621120
333,Cornie,1117126656,1181376512
334,Isak,1130102784,1184645120
335,Rand,1118830592,1184645120
336,Dominique,1130102784,1192265728
337,Lira,1114636288,1189765120
338,Filbert,1134723072,1184645120
339,Nona,1117126656,1189765120
340,Melloney,1134723072,1191241728
341,Rafaello,1127481344,1192265728
342,Floria,1114636288,1178304512
343,Johannes,1118830592,1183621120
344,Genevra,1119092736,1176256512
345,Aldric,1130102784,1195593728
346,Janeta,1123024896,1176256512
347,Tarra,1117126656,1178304512
348,Jefferey,1130102784,1191241728
349,Cassie,1118830592,1195593728
350,Maiga,1123024896,1184645120
351,Heddi,1134723072,1184645120
352,Marieann,1134723072,1195593728
353,Carita,1127481344,1193545728
354,Kurtis,1118830592,1195593728
355,Wilfred,1127481344,1184645120
356,Isabelle,1123024896,1184645120
357,Nisse,1130102784,1192265728
358,Ula,1117126656,1195593728
359,Tully,1118830592,1183621120
360,Honor,1123024896,1189765120
361,Sinclair,1114636288,1195593728
362,Buddy,1123024896,1195593728
363,Neilla,1127481344,1195593728
364,Junie,1119092736,1184645120
365,Neely,1123024896,1184645120
366,Klarrisa,1127481344,1183621120
367,Maryellen,1123024896,1192265728
368,Clywd,1130102784,1191241728
369,Deni,1114636288,1193545728
370,Ingrim,1123024896,1189765120
371,Franni,1134723072,1193545728
372,Andy,1117126656,1192265728
373,Veronica,1117126656,1193545728
374,Dalis,1114636288,1193545728
375,Nanni,1127481344,1187205120
376,Vikky,1119092736,1181376512
377,Hussein,1134723072,1187205120
378,Brigg,1130102784,1176256512
379,Crawford,1127481344,1178304512
380,Fran,1130102784,1189765120
381,Silas,1119092736,1181376512
382,Alister,1119092736,1191241728
383,George,1134723072,1181376512
384,Nonnah,1123024896,1187205120
385,Gayel,1119092736,1184645120
386,Demeter,1118830592,1176256512
387,Juliann,1119092736,1195593728
388,Shauna,1123024896,1187205120
389,Anna-maria,1123024896,1193545728
390,Ag,1118830592,1195593728
391,Sherwin,1118830592,1195593728
392,Vikki,1118830592,1191241728
393,Barret,1114636288,1176256512
394,Gaelan,1119092736,1187205120
395,Livy,1114636288,1184645120
396,Iorgos,1119092736,1183621120
397,Charil,1118830592,1191241728
398,Easter,1118830592,1189765120
399,Esdras,1123024896,1192265728
400,Prince,1114636288,1187205120
401,Vail,1123024896,1191241728
402,Rachel,1134723072,1178304512
403,Bar,1118830592,1184645120
404,Willa,1134723072,1189765120
405,Amerigo,1118830592,1191241728
406,Fredric,1134723072,1195593728
407,Mikael,1130102784,1195593728
408,Benson,1123024896,1184645120
409,Sileas,1123024896,1184645120
410,Fidelia,1114636288,1178304512
411,Frayda,1114636288,1189765120
412,Babita,1119092736,1189765120
413,Clair,1117126656,1193545728
414,Morie,1127481344,1178304512
415,Skylar,1134723072,1184645120
416,Dennie,1117126656,1193545728
417,Sibley,1114636288,1184645120
418,Addia,1117126656,1184645120
419,Ed,1127481344,1183621120
420,Lothaire,1127481344,1178304512
421,Neila,1123024896,1181376512
422,Jennifer,1130102784,1181376512
423,Keelby,1134723072,1181376512
424,Chuck,1134723072,1191241728
425,Jordan,1119092736,1191241728
426,Minnnie,1127481344,1184645120
427,Carine,1127481344,1191241728
428,Kelly,1134723072,1192265728
429,Coleman,1119092736,1187205120
430,Pincus,1118830592,1193545728
431,Smitty,1130102784,1181376512
432,Wade,1134723072,1178304512
433,Emmit,1127481344,1178304512
434,Brietta,1117126656,1193545728
435,Wesley,1114636288,1176256512
436,Felicdad,1123024896,1183621120
437,Any,1114636288,1183621120
438,Gardie,1119092736,1178304512
439,Leelah,1134723072,1187205120
440,Garold,1114636288,1184645120
441,Regine,1127481344,1176256512
442,Tam,1130102784,1184645120
443,Davon,1130102784,1184645120
444,Chrissy,1127481344,1183621120
445,Ozzie,1123024896,1184645120
446,Rina,1134723072,1184645120
447,Guy,1127481344,1193545728
448,Lenora,1114636288,1183621120
449,Julietta,1130102784,1193545728
450,Alexandr,1130102784,1183621120
451,Margalit,1117126656,1181376512
452,Samara,1118830592,1195593728
453,Portie,1130102784,1181376512
454,Korella,1134723072,1191241728
455,Hilly,1134723072,1189765120
456,Leeanne,1117126656,1176256512
457,Arnaldo,1127481344,1176256512
458,Kassi,1134723072,1192265728
459,Karen,1114636288,1184645120
460,Mac,1134723072,1184645120
461,Anthia,1114636288,1192265728
462,Marsiella,1123024896,1184645120
463,Shea,1123024896,1178304512
464,Liana,1119092736,1181376512
465,Carley,1123024896,1178304512
466,Carlye,1123024896,1192265728
467,Svend,1114636288,1187205120
468,Kendell,1119092736,1187205120
469,Chrisy,1114636288,1181376512
470,Rod,1117126656,1195593728
471,Ramsay,1119092736,1184645120
472,Saidee,1134723072,1195593728
473,Erek,1127481344,1176256512
474,Salomi,1114636288,1176256512
475,Coletta,1119092736,1195593728
476,Abigael,1119092736,1178304512
477,Mariele,1114636288,1191241728
478,Brooke,1118830592,1184645120
479,Benita,1119092736,1187205120
480,Marissa,1119092736,1192265728
481,Lionello,1114636288,1192265728
482,Tori,1123024896,1193545728
483,Micheil,1130102784,1192265728
484,Kym,1123024896,1184645120
485,Melisse,1130102784,1176256512
486,Bartholomew,1123024896,1191241728
487,Rorie,1130102784,1187205120
488,Hedvige,1130102784,1192265728
489,Dorothea,1117126656,1181376512
490,Tamarah,1118830592,1195593728
491,Skipton,1117126656,1176256512
492,Minny,1119092736,1191241728
493,Joshia,1117126656,1191241728
494,Mirilla,1127481344,1189765120
495,Willey,1130102784,1181376512
496,Conrado,1130102784,1195593728
497,Fredia,1130102784,1189765120
498,Gretchen,1127481344,1178304512
499,Bibbie,1114636288,1192265728
500,Warren,1130102784,1187205120
501,Gabi,1130102784,1189765120
502,Callie,1130102784,1195593728
503,Patton,1114636288,1181376512
504,Karie,1117126656,1187205120
505,Martguerita,1119092736,1195593728
506,Lothaire,1114636288,1184645120
507,Patrice,1130102784,1192265728
508,Lin,1123024896,1178304512
509,Cornie,1127481344,1193545728
510,Irena,1127481344,1184645120
511,Markos,1114636288,1184645120
512,Bird,1117126656,1183621120
513,Lorna,1134723072,1193545728
514,Vincents,1119092736,1187205120
515,Torrey,1134723072,1193545728
516,Pernell,1134723072,1195593728
517,Danya,1127481344,1187205120
518,Erda,1134723072,1192265728
519,Ethe,1134723072,1184645120
520,Coop,1119092736,1192265728
521,Sheridan,1123024896,1195593728
522,Charles,1127481344,1193545728
523,Eddy,1118830592,1178304512
524,Janey,1123024896,1193545728
525,Edan,1118830592,1184645120
526,Homer,1134723072,1176256512
527,Eveline,1134723072,1192265728
528,Helen-elizabeth,1130102784,1184645120
529,Daveta,1127481344,1184645120
530,Mort,1119092736,1193545728
531,Maxi,1117126656,1192265728
532,Nathalie,1123024896,1192265728
533,Dennison,1134723072,1187205120
534,Bunnie,1123024896,1191241728
535,Frans,1118830592,1191241728
536,Delmar,1134723072,1193545728
537,Ced,1119092736,1184645120
538,Caren,1117126656,1178304512
539,Christie,1118830592,1183621120
540,Saunders,1134723072,1187205120
541,Deny,1127481344,1183621120
542,Gene,1119092736,1181376512
543,Margeaux,1130102784,1183621120
544,Prisca,1127481344,1183621120
545,Domini,1118830592,1183621120
546,Henrie,1117126656,1195593728
547,Marj,1123024896,1183621120
548,Mab,1123024896,1187205120
549,Josiah,1123024896,1178304512
550,Mathe,1127481344,1178304512
551,Gauthier,1118830592,1178304512
552,Delmore,1127481344,1191241728
553,Lynett,1123024896,1192265728
554,Lucais,1119092736,1193545728
555,Clarice,1127481344,1191241728
556,Aeriela,1123024896,1192265728
557,Babbie,1117126656,1181376512
558,Caren,1119092736,1181376512
559,Jessamine,1134723072,1183621120
560,Hesther,1118830592,1181376512
561,Sasha,1118830592,1181376512
562,Erica,1123024896,1176256512
563,Keith,1123024896,1176256512
564,Briney,1118830592,1178304512
565,Rutherford,1119092736,1181376512
566,Lemmie,1134723072,1183621120
567,Dur,1130102784,1187205120
568,Modesta,1123024896,1191241728
569,Carter,1118830592,1191241728
570,Retha,1130102784,1181376512
571,Carma,1130102784,1191241728
572,Antonella,1119092736,1181376512
573,Sutherlan,1117126656,1176256512
574,Phillipe,1118830592,1192265728
575,Florida,1127481344,1192265728
576,Corrina,1117126656,1181376512
577,Adrianne,1130102784,1176256512
578,Scarlett,1134723072,1184645120
579,Shel,1123024896,1187205120
580,Delaney,1118830592,1195593728
581,Tiphani,1130102784,1191241728
582,Grier,1118830592,1193545728
583,Annabell,1127481344,1181376512
584,Basil,1123024896,1178304512
585,Horatius,1127481344,1183621120
586,Umeko,1130102784,1189765120
587,Hayes,1130102784,1176256512
588,Lynnette,1130102784,1192265728
589,Hesther,1127481344,1191241728
590,Trumaine,1134723072,1181376512
591,Emlyn,1134723072,1195593728
592,Corabelle,1130102784,1192265728
593,Vic,1130102784,1187205120
594,Cyndia,1118830592,1191241728
595,Gray,1123024896,1193545728
596,Dylan,1123024896,1189765120
597,Isabelle,1114636288,1184645120
598,Eachelle,1127481344,1192265728
599,Howard,1118830592,1183621120
600,Cornall,1117126656,1183621120
601,Emmalee,1119092736,1183621120
602,Brian,1127481344,1184645120
603,Cahra,1134723072,1195593728
604,Arvin,1130102784,1195593728
605,Minda,1119092736,1181376512
606,Dedie,1118830592,1191241728
607,Lydia,1134723072,1181376512
608,Joshia,1130102784,1187205120
609,Bernita,1134723072,1181376512
610,Sayre,1119092736,1191241728
611,Pearla,1130102784,1184645120
612,Fidole,1117126656,1189765120
613,Evin,1134723072,1178304512
614,Fredia,1114636288,1184645120
615,Idalina,1123024896,1195593728
616,Hetti,1117126656,1189765120
617,Kirk,1127481344,1189765120
618,Orson,1127481344,1187205120
619,Lyndsay,1127481344,1193545728
620,Lissy,1114636288,1192265728
621,Odessa,1123024896,1195593728
622,Hestia,1127481344,1183621120
623,Dorotea,1118830592,1176256512
624,Giraud,1119092736,1181376512
625,Tonya,1127481344,1192265728
626,Menard,1118830592,1192265728
627,Nicola,1117126656,1178304512
628,Maddy,1114636288,1187205120
629,Mace,1118830592,1183621120
630,Lyndy,1127481344,1192265728
631,Ivonne,1119092736,1184645120
632,Josepha,1118830592,1184645120
633,Shandra,1123024896,1195593728
634,Viva,1118830592,1187205120
635,Sherwin,1127481344,1176256512
636,Abigail,1119092736,1183621120
637,Rosalia,1114636288,1183621120
638,Merissa,1114636288,1187205120
639,Marylee,1114636288,1195593728
640,Wolfy,1123024896,1191241728
641,Maia,1130102784,1176256512
642,Elinor,1114636288,1191241728
643,Neron,1127481344,1193545728
644,Malachi,1114636288,1187205120
645,Sarajane,1114636288,1176256512
646,Arlie,1118830592,1193545728
647,Felike,1130102784,1178304512
648,Ethan,1119092736,1178304512
649,Ruthy,1127481344,1184645120
650,Hugo,1114636288,1189765120
651,Thorndike,1130102784,1176256512
652,Cesaro,1134723072,1189765120
653,Harmonia,1117126656,1178304512
654,Damara,1127481344,1178304512
655,Maddy,1118830592,1187205120
656,Filmer,1119092736,1195593728
657,Boothe,1117126656,1178304512
658,Dorrie,1123024896,1193545728
659,Willdon,1130102784,1176256512
660,Cindi,1134723072,1178304512
661,Shermie,1123024896,1178304512
662,Byrom,1127481344,1193545728
663,Millie,1119092736,1181376512
664,Natassia,1134723072,1193545728
665,Wheeler,1114636288,1187205120
666,Caritta,1118830592,1178304512
667,Kennan,1123024896,1178304512
668,Katina,1127481344,1184645120
669,Beverlee,1114636288,1187205120
670,Arlette,1130102784,1189765120
671,Jacqueline,1119092736,1195593728
672,Sheila-kathryn,1119092736,1176256512
673,Lambert,1134723072,1193545728
674,Lamont,1130102784,1191241728
675,Immanuel,1117126656,1191241728
676,Nani,1130102784,1195593728
677,Galen,1114636288,1195593728
678,Nilson,1118830592,1176256512
679,Tomi,1114636288,1195593728
680,Flore,1117126656,1189765120
681,Burgess,1123024896,1178304512
682,Tally,1117126656,1193545728
683,Jaquenette,1114636288,1187205120
684,Sly,1114636288,1193545728
685,Yul,1114636288,1189765120
686,Rosalyn,1134723072,1192265728
687,Devondra,1117126656,1176256512
688,Xenos,1118830592,1192265728
689,Terrence,1117126656,1193545728
690,Krystyna,1114636288,1195593728
691,Krishna,1134723072,1195593728
692,Zorina,1117126656,1183621120
693,Baxy,1123024896,1184645120
694,Terrie,1117126656,1193545728
695,Justino,1130102784,1183621120
696,Erhard,1117126656,1191241728
697,Robbie,1123024896,1189765120
698,Paddie,1119092736,1191241728
699,Evelyn,1117126656,1176256512
700,Abbot,1119092736,1191241728
701,Tedra,1119092736,1191241728
702,Rikki,1119092736,1178304512
703,Alverta,1119092736,1187205120
704,Pauly,1123024896,1189765120
705,Ariella,1114636288,1178304512
706,Lia,1123024896,1184645120
707,Petronille,1117126656,1193545728
708,Merle,1134723072,1176256512
709,Hagan,1123024896,1195593728
710,Nikolaus,1118830592,1189765120
711,Cinda,1123024896,1193545728
712,Matelda,1123024896,1183621120
713,Roslyn,1123024896,1187205120
714,Jerrylee,1127481344,1176256512
715,Lucky,1134723072,1193545728
716,Elita,1119092736,1183621120
717,Hyacinthia,1119092736,1187205120
718,Fina,1130102784,1193545728
719,Kamila,1118830592,1193545728
720,Jennie,1118830592,1193545728
721,Riobard,1127481344,1193545728
722,Joannes,1134723072,1176256512
723,Darlene,1127481344,1193545728
724,Zia,1117126656,1193545728
725,Cristina,1119092736,1181376512
726,Jonathon,1130102784,1195593728
727,Rickie,1130102784,1193545728
728,Klara,1127481344,1195593728
729,Osbert,1117126656,1191241728
730,Emmet,1119092736,1192265728
731,Cassandry,1114636288,1191241728
732,Enrica,1134723072,1183621120
733,Evvy,1117126656,1193545728
734,Silas,1127481344,1184645120
735,Kaia,1127481344,1187205120
736,Arvie,1134723072,1181376512
737,Keith,1127481344,1184645120
738,Silvie,1123024896,1178304512
739,Winnifred,1117126656,1176256512
740,Chen,1134723072,1192265728
741,Carleton,1117126656,1181376512
742,Silvano,1130102784,1178304512
743,Pancho,1118830592,1183621120
744,Melonie,1119092736,1191241728
745,Gordon,1134723072,1178304512
746,Rosemarie,1117126656,1176256512
747,Graehme,1119092736,1183621120
748,Mitchael,1119092736,1191241728
749,Carola,1134723072,1176256512
750,Zsa zsa,1127481344,1184645120
751,Jude,1127481344,1178304512
752,Arch,1127481344,1191241728
753,Andrej,1118830592,1195593728
754,Amber,1134723072,1193545728
755,Dorian,1134723072,1181376512
756,Kaitlynn,1118830592,1181376512
757,Kerianne,1130102784,1192265728
758,Boycie,1118830592,1183621120
759,Nanete,1119092736,1192265728
760,Sidonia,1123024896,1176256512
761,Galvan,1123024896,1191241728
762,Lucienne,1117126656,1187205120
763,Davidson,1117126656,1192265728
764,Roslyn,1127481344,1176256512
765,Jenny,1127481344,1191241728
766,Toby,1118830592,1184645120
767,Brynne,1134723072,1183621120
768,Blakeley,1134723072,1183621120
769,Egan,1134723072,1176256512
770,Barbey,1134723072,1184645120
771,Portia,1114636288,1191241728
772,Alica,1114636288,1192265728
773,Juliana,1127481344,1195593728
774,Barde,1118830592,1183621120
775,Wilie,1119092736,1189765120
776,Letta,1130102784,1176256512
777,Ree,1119092736,1193545728
778,Ingmar,1117126656,1183621120
779,Melva,1123024896,1193545728
780,Tootsie,1118830592,1187205120
781,Felike,1117126656,1191241728
782,Laughton,1134723072,1181376512
783,Crosby,1114636288,1178304512
784,Marianne,1114636288,1191241728
785,Francine,1123024896,1193545728
786,Edan,1114636288,1195593728
787,Fayre,1123024896,1183621120
788,Adelaida,1127481344,1192265728
789,Florella,1130102784,1187205120
790,Noll,1123024896,1189765120
791,Ki,1114636288,1193545728
792,Jermayne,1117126656,1191241728
793,Grayce,1134723072,1191241728
794,Harv,1134723072,1193545728
795,Lorianna,1114636288,1181376512
796,Hersh,1127481344,1191241728
797,Diahann,1118830592,1191241728
798,Yelena,1127481344,1195593728
799,Emmaline,1118830592,1192265728
800,Daffi,1119092736,1178304512
801,Janine,1114636288,1195593728
802,Sheilah,1127481344,1193545728
803,Lazaro,1130102784,1176256512
804,Earle,1119092736,1189765120
805,Fred,1118830592,1187205120
806,Almira,1130102784,1193545728
807,Wini,1118830592,1192265728
808,Emanuel,1117126656,1189765120
809,Obadias,1130102784,1176256512
810,Efrem,1134723072,1184645120
811,Susi,1114636288,1183621120
812,Maxy,1114636288,1181376512
813,Agnes,1118830592,1193545728
814,Obadiah,1114636288,1178304512
815,Lefty,1130102784,1195593728
816,Michele,1118830592,1193545728
817,Cynthia,1118830592,1187205120
818,Hyatt,1130102784,1184645120
819,Roch,1130102784,1191241728
820,Mag,1118830592,1178304512
821,Trevor,1127481344,1176256512
822,Jefferey,1117126656,1176256512
823,Tania,1134723072,1193545728
824,Mercie,1119092736,1193545728
825,Andrei,1134723072,1176256512
826,Yetta,1123024896,1187205120
827,Angeli,1119092736,1184645120
828,Norbert,1119092736,1184645120
829,Conan,1127481344,1184645120
830,Cale,1114636288,1195593728
831,Christina,1114636288,1192265728
832,Olivier,1134723072,1184645120
833,Oby,1134723072,1178304512
834,Chad,1117126656,1181376512
835,Adelle,1114636288,1176256512
836,Keene,1114636288,1187205120
837,Corrina,1117126656,1195593728
838,Hashim,1118830592,1195593728
839,Oralia,1134723072,1176256512
840,Wadsworth,1134723072,1189765120
841,Shelley,1114636288,1181376512
842,Irv,1123024896,1181376512
843,Grant,1130102784,1191241728
844,Bella,1118830592,1183621120
845,Yardley,1114636288,1195593728
846,Brendin,1123024896,1176256512
847,Estella,1130102784,1193545728
848,Rasia,1114636288,1192265728
849,Gibb,1127481344,1184645120
850,Amanda,1134723072,1192265728
851,Sidoney,1130102784,1184645120
852,Giacopo,1119092736,1183621120
853,Eve,1127481344,1178304512
854,Levon,1123024896,1187205120
855,Vassili,1123024896,1191241728
856,Henrieta,1127481344,1189765120
857,Devlen,1123024896,1192265728
858,Ophelie,1123024896,1192265728
859,Abramo,1134723072,1192265728
860,Fair,1114636288,1192265728
861,Pietrek,1134723072,1187205120
862,Holden,1127481344,1195593728
863,Cherish,1119092736,1193545728
864,Alonzo,1134723072,1178304512
865,Devonna,1114636288,1183621120
866,Rubi,1114636288,1183621120
867,Emmanuel,1130102784,1189765120
868,Trumaine,1118830592,1193545728
869,Malory,1130102784,1193545728
870,Pearla,1130102784,1191241728
871,Phelia,1114636288,1191241728
872,Madonna,1123024896,1176256512
873,Thomasa,1119092736,1183621120
874,Estella,1134723072,1184645120
875,Saw,1114636288,1181376512
876,Cecil,1117126656,1192265728
877,Mac,1114636288,1187205120
878,Ralf,1123024896,1178304512
879,Barbey,1134723072,1178304512
880,Josi,1123024896,1183621120
881,Kenna,1123024896,1187205120
882,Rina,1117126656,1187205120
883,Callida,1118830592,1191241728
884,Lona,1130102784,1189765120
885,Jan,1119092736,1183621120
886,Bailey,1118830592,1189765120
887,Guillermo,1117126656,1193545728
888,Katlin,1118830592,1187205120
889,Flo,1134723072,1193545728
890,Madel,1127481344,1178304512
891,Conant,1117126656,1192265728
892,Devland,1114636288,1176256512
893,Annamarie,1123024896,1184645120
894,Gabbie,1130102784,1193545728
895,Frasquito,1119092736,1181376512
896,Oberon,1118830592,1181376512
897,Gabriell,1123024896,1176256512
898,Ki,1130102784,1189765120
899,Martelle,1123024896,1181376512
900,Riccardo,1119092736,1193545728
901,Shaughn,1127481344,1195593728
902,Coral,1123024896,1183621120
903,Judas,1123024896,1176256512
904,Josiah,1134723072,1178304512
905,Freda,1114636288,1193545728
906,Lynn,1134723072,1192265728
907,Tabb,1134723072,1195593728
908,Brittany,1127481344,1183621120
909,Leo,1118830592,1193545728
910,Atlante,1123024896,1191241728
911,Maurie,1127481344,1195593728
912,Oren,1123024896,1184645120
913,Anetta,1114636288,1176256512
914,Curry,1118830592,1184645120
915,Tyrone,1127481344,1181376512
916,Saunder,1127481344,1192265728
917,Luis,1114636288,1178304512
918,Alysia,1134723072,1192265728
919,Calypso,1119092736,1178304512
920,Gretna,1130102784,1193545728
921,Odie,1119092736,1184645120
922,Wenda,1119092736,1178304512
923,Ezekiel,1117126656,1184645120
924,Orlan,1114636288,1187205120
925,Wittie,1119092736,1192265728
926,Abbie,1119092736,1183621120
927,Robinia,1123024896,1176256512
928,Hayden,1127481344,1189765120
929,Melody,1114636288,1184645120
930,Emory,1134723072,1192265728
931,Callie,1117126656,1176256512
932,Debby,1127481344,1183621120
933,Gui,1134723072,1184645120
934,Dorette,1123024896,1192265728
935,Jillane,1119092736,1192265728
936,Carolina,1118830592,1191241728
937,Randy,1123024896,1181376512
938,Arabel,1127481344,1195593728
939,Verina,1117126656,1192265728
940,Josefina,1119092736,1189765120
941,Nina,1123024896,1187205120
942,Vernen,1123024896,1183621120
943,Loria,1127481344,1187205120
944,Isabeau,1118830592,1192265728
945,Cherice,1130102784,1181376512
946,Kimberley,1134723072,1183621120
947,Martyn,1127481344,1187205120
948,Agustin,1117126656,1187205120
949,Clerissa,1123024896,1181376512
950,Lonna,1123024896,1176256512
951,Wake,1130102784,1187205120
952,Edwina,1117126656,1193545728
953,Lacey,1117126656,1195593728
954,Laetitia,1119092736,1191241728
955,Delila,1134723072,1184645120
956,Sioux,1123024896,1178304512
957,Floyd,1117126656,1181376512
958,Trista,1117126656,1195593728
959,Shaughn,1119092736,1181376512
960,Zitella,1123024896,1193545728
961,Ginnie,1127481344,1181376512
962,Burty,1114636288,1178304512
963,Arley,1123024896,1191241728
964,Ansley,1117126656,1192265728
965,Kirstin,1127481344,1178304512
966,Karon,1118830592,1176256512
967,Esme,1123024896,1192265728
968,Berenice,1134723072,1176256512
969,Charlie,1134723072,1195593728
970,Noach,1134723072,1178304512
971,Mercedes,1127481344,1178304512
972,Sloan,1134723072,1193545728
973,Guglielma,1123024896,1181376512
974,Herrick,1117126656,1189765120
975,Aleksandr,1118830592,1193545728
976,Arlina,1134723072,1191241728
977,Wenonah,1134723072,1178304512
978,Warner,1119092736,1189765120
979,Libbey,1123024896,1193545728
980,Brana,1114636288,1176256512
981,Genevieve,1127481344,1184645120
982,Sharai,1117126656,1176256512
983,Josi,1123024896,1178304512
984,Pebrook,1114636288,1191241728
985,Erna,1134723072,1191241728
986,Ferd,1118830592,1187205120
987,Mohammed,1130102784,1193545728
988,Dawn,1127481344,1192265728
989,Wandie,1114636288,1187205120
990,Chiarra,1134723072,1183621120
991,Zaccaria,1118830592,1191241728
992,Trenna,1119092736,1176256512
993,Angelia,1114636288,1195593728
994,Raquela,1127481344,1178304512
995,Maxi,1134723072,1183621120
996,Atalanta,1119092736,1192265728
997,De witt,1118830592,1178304512
998,Jaye,1117126656,1187205120
999,Tamarra,1114636288,1181376512
1000,Saleem,1114636288,1184645120
